May Drug Tariff Part VIIIB,,,,,,,
,,,,,,,
VMP Snomed Code,VMPP Snomed Code,Medicine,Pack size,,Formulations,Spec Cont Ind,Basic Price
8270911000001106,8205611000001104,Acetazolamide 250mg/5ml oral suspension,1,ml,"SF, STD, LF, CF, NSF, AF, FF",,9
8270911000001106,20111811000001102,Acetazolamide 250mg/5ml oral suspension,100,ml,"SF, STD, LF, CF, NSF, AF, FF",,3326
11655511000001104,11637511000001109,Acitretin 5mg/5ml oral suspension,1,ml,"SF, STD, FF, AF, CF, NSF",,1
11655511000001104,35881311000001105,Acitretin 5mg/5ml oral suspension,60,ml,"SF, STD, FF, AF, CF, NSF",,5924
8272011000001106,8218911000001101,Allopurinol 100mg/5ml oral solution,1,ml,"SF, STD, AF, PF",,14
8272011000001106,40611211000001102,Allopurinol 100mg/5ml oral solution,100,ml,"SF, STD, AF, PF",,2729
8272111000001107,8220211000001101,Allopurinol 100mg/5ml oral suspension,1,ml,"SF, STD, LF, CF, NSF, AF, FF",,2
8272111000001107,21308211000001107,Allopurinol 100mg/5ml oral suspension,150,ml,"SF, STD, LF, CF, NSF, AF, FF",,2183
8273111000001101,8227711000001109,Allopurinol 300mg/5ml oral suspension,1,ml,"SF, STD, LF, CF, NSF, AF, FF",,4
8273111000001101,20444611000001109,Allopurinol 300mg/5ml oral suspension,100,ml,"SF, STD, LF, CF, NSF, AF, FF",,2844
8274411000001109,8230611000001102,Amiodarone 100mg/5ml oral suspension,1,ml,"SF, STD, LF, CF, NSF, AF, FF",,17
8274411000001109,27875011000001100,Amiodarone 100mg/5ml oral suspension,100,ml,"SF, STD, LF, CF, NSF, AF, FF",,2667
8276211000001100,8237211000001100,Amiodarone 50mg/5ml oral suspension,1,ml,"SF, STD, LF, CF, NSF, AF, FF",,7
8276211000001100,27875211000001105,Amiodarone 50mg/5ml oral suspension,100,ml,"SF, STD, LF, CF, NSF, AF, FF",,1400
10147111000001108,10794311000001103,Antacid and Oxetacaine oral suspension,1,ml,"SF, STD, LF, CF, NSF, AF, FF",,8
10147111000001108,22253311000001107,Antacid and Oxetacaine oral suspension,150,ml,"SF, STD, LF, CF, NSF, AF, FF",,1710
8278711000001106,8249411000001109,Arginine 2g/5ml oral solution,1,ml,"SF, STD, FF, CF, AF, NSF, LF",,14
8278711000001106,28608211000001109,Arginine 2g/5ml oral solution,250,ml,"SF, STD, FF, CF, AF, NSF, LF",,5311
8279111000001103,8251311000001103,Arginine 500mg/5ml oral solution,1,ml,"SF, STD, LF, CF, NSF, AF, FF",,10
8279111000001103,23388111000001107,Arginine 500mg/5ml oral solution,200,ml,"SF, STD, LF, CF, NSF, AF, FF",,4419
20121811000001105,20116111000001100,Beclometasone 0.0025% in White soft paraffin,1,gram,"STD, NSF",,13
20121811000001105,21665411000001107,Beclometasone 0.0025% in White soft paraffin,100,gram,"STD, NSF",,12323
8306811000001101,8286911000001102,Bendroflumethiazide 2.5mg/5ml oral suspension,1,ml,"SF, LF, CF, NSF, STD, AF, FF",,1
8306811000001101,19594911000001104,Bendroflumethiazide 2.5mg/5ml oral suspension,150,ml,"SF, LF, CF, NSF, STD, AF, FF",,4677
3431811000001108,24653311000001102,Benzyl benzoate 25% application,1,ml,STD,,1
3431811000001108,1064811000001104,Benzyl benzoate 25% application,100,ml,STD,,34246
8306311000001105,8289311000001105,Betahistine 8mg/5ml oral suspension,1,ml,"SF, STD, LF, CF, NSF, AF, FF",,1
8306311000001105,27875911000001101,Betahistine 8mg/5ml oral suspension,200,ml,"SF, STD, LF, CF, NSF, AF, FF",,4484
8305511000001106,8294111000001106,Bisacodyl 2.5mg/5ml oral suspension,1,ml,"SF, STD, LF, AF, FF, CF",,1
8305511000001106,30835611000001101,Bisacodyl 2.5mg/5ml oral suspension,100,ml,"SF, STD, LF, AF, FF, CF",,2313
8967311000001101,8904311000001109,Bisacodyl 2.74mg/ml rectal solution,1,ml,"STD, LF, CF, AF, FF, PF, SF",,4
8967311000001101,20429411000001108,Bisacodyl 2.74mg/ml rectal solution,200,ml,"STD, LF, CF, AF, FF, PF, SF",,1988
8305311000001100,8294711000001107,Bisoprolol 1.25mg/5ml oral solution,1,ml,"SF, STD, FF, AF, CF, NSF",,1
8305311000001100,29562111000001106,Bisoprolol 1.25mg/5ml oral solution,100,ml,"SF, STD, FF, AF, CF, NSF",,2636
8305211000001108,8295911000001108,Bisoprolol 1.25mg/5ml oral suspension,1,ml,"SF, STD, LF, CF, NSF, AF, FF",,1
8305211000001108,24431311000001100,Bisoprolol 1.25mg/5ml oral suspension,100,ml,"SF, STD, LF, CF, NSF, AF, FF",,2392
12287511000001104,12234211000001103,Bisoprolol 2.5mg/5ml oral solution,1,ml,"SF, STD, LF, CF, AF, FF, NSF",,12
12287511000001104,21308911000001103,Bisoprolol 2.5mg/5ml oral solution,150,ml,"SF, STD, LF, CF, AF, FF, NSF",,2839
12287611000001100,12233911000001105,Bisoprolol 2.5mg/5ml oral suspension,1,ml,"SF, STD, LF, NSF, AF, CF, FF",,1
12287611000001100,21309111000001108,Bisoprolol 2.5mg/5ml oral suspension,100,ml,"SF, STD, LF, NSF, AF, CF, FF",,2902
8304911000001103,8296011000001100,Bisoprolol 5mg/5ml oral solution,1,ml,"SF, STD, LF, AF, CF, FF, NSF, PF",,1
8304911000001103,23388911000001105,Bisoprolol 5mg/5ml oral solution,150,ml,"SF, STD, LF, AF, CF, FF, NSF, PF",,3381
8304811000001108,8297311000001104,Bisoprolol 5mg/5ml oral suspension,1,ml,"SF, STD, LF, NSF, AF, FF, CF, PF",,1
8304811000001108,23389211000001106,Bisoprolol 5mg/5ml oral suspension,100,ml,"SF, STD, LF, NSF, AF, FF, CF, PF",,2067
8304311000001104,8299811000001100,Buspirone 5mg/5ml oral suspension,1,ml,"SF, STD, AF",,1
8304311000001104,44338911000001104,Buspirone 5mg/5ml oral suspension,100,ml,"SF, STD, AF",,77500
8303611000001106,8300811000001103,Calcium carbonate 500mg/5ml oral suspension,1,ml,"SF, STD, LF, CF, NSF, AF, FF",,15
8303611000001106,24432211000001101,Calcium carbonate 500mg/5ml oral suspension,100,ml,"SF, STD, LF, CF, NSF, AF, FF",,1698
8303511000001107,8301211000001105,Calcium carbonate 600mg/5ml oral suspension,1,ml,"SF, STD, LF, CF, NSF, FF, AF",,9
8303511000001107,23389811000001107,Calcium carbonate 600mg/5ml oral suspension,150,ml,"SF, STD, LF, CF, NSF, FF, AF",,2655
8355211000001100,8328911000001102,Carbimazole 10mg/5ml oral suspension,1,ml,"SF, STD, LF, CF, NSF, AF, FF",,3
8355211000001100,27876111000001105,Carbimazole 10mg/5ml oral suspension,150,ml,"SF, STD, LF, CF, NSF, AF, FF",,6102
8356811000001107,8333311000001108,Carvedilol 5mg/5ml oral suspension,1,ml,"SF, STD, LF, CF, NSF, AF, FF",,4
8356811000001107,23390211000001100,Carvedilol 5mg/5ml oral suspension,100,ml,"SF, STD, LF, CF, NSF, AF, FF",,5731
8357311000001100,8333511000001102,Chloral hydrate 1g/5ml oral solution BP,1,ml,"SF, STD, LF, CF, NSF, FF, AF",,28
8357311000001100,20156911000001109,Chloral hydrate 1g/5ml oral solution BP,100,ml,"SF, STD, LF, CF, NSF, FF, AF",,6520
24509211000001105,24432511000001103,Chloral hydrate 200mg/5ml oral suspension,1,ml,"SF, STD, AF, CF, NSF, FF, LF",,1
24509211000001105,24432611000001104,Chloral hydrate 200mg/5ml oral suspension,100,ml,"SF, STD, AF, CF, NSF, FF, LF",,5681
8358511000001105,8338311000001100,Chlorothiazide 150mg/5ml oral suspension,1,ml,"SF, STD, LF, CF, NSF, AF, FF",,28
8358511000001105,30835811000001102,Chlorothiazide 150mg/5ml oral suspension,100,ml,"SF, STD, LF, CF, NSF, AF, FF",,2790
12502311000001102,12445511000001104,Chlorothiazide 200mg/5ml oral suspension,1,ml,"SF, AF, LF, STD, FF",,1
12502311000001102,37801411000001103,Chlorothiazide 200mg/5ml oral suspension,150,ml,"SF, AF, LF, STD, FF",,5753
12503011000001109,12461911000001100,Chlorothiazide 250mg/5ml oral solution,1,ml,"STD, AF",,16
12503011000001109,43926511000001102,Chlorothiazide 250mg/5ml oral solution,100,ml,"STD, AF",,7994
42207011000001108,15865111000001109,Chlorothiazide 250mg/5ml oral suspension,1,ml,"SF, STD, LF, CF, NSF, FF, AF",,3
42207011000001108,21309311000001105,Chlorothiazide 250mg/5ml oral suspension,50,ml,"SF, STD, LF, CF, NSF, FF, AF",,3857
8358711000001100,8340311000001103,Chlorothiazide 25mg/5ml oral suspension,1,ml,"SF, STD, LF, AF, FF, CF, NSF, PF",,2
8358711000001100,34861711000001101,Chlorothiazide 25mg/5ml oral suspension,100,ml,"SF, STD, LF, AF, FF, CF, NSF, PF",,4464
8360611000001101,8353011000001109,Clindamycin 75mg/5ml oral suspension,1,ml,"SF, STD, LF, CF, NSF, AF, FF",,1
8360611000001101,27876311000001107,Clindamycin 75mg/5ml oral suspension,100,ml,"SF, STD, LF, CF, NSF, AF, FF",,2793
8377611000001108,8370911000001103,Clomipramine 50mg/5ml oral suspension,1,ml,"SF, STD, CF, NSF, AF, FF",,6
8377611000001108,30836011000001104,Clomipramine 50mg/5ml oral suspension,100,ml,"SF, STD, CF, NSF, AF, FF",,4287
8395711000001103,8379911000001109,Clonazepam 250micrograms/5ml oral solution,1,ml,STD,,9
8395711000001103,40611711000001109,Clonazepam 250micrograms/5ml oral solution,100,ml,STD,,5378
8395811000001106,8381011000001101,Clonazepam 250micrograms/5ml oral suspension,1,ml,"SF, STD, AF, NSF",,8
8395811000001106,20459411000001107,Clonazepam 250micrograms/5ml oral suspension,100,ml,"SF, STD, AF, NSF",,24402
18747911000001101,18739711000001105,Clopidogrel 1mg/ml oral suspension,1,ml,"SF, STD, LF, CF, NSF, AF, FF",,5
18747911000001101,24433211000001107,Clopidogrel 1mg/ml oral suspension,100,ml,"SF, STD, LF, CF, NSF, AF, FF",,1737
16072911000001108,16059911000001101,Clopidogrel 25mg/5ml oral suspension,1,ml,"SF, STD, AF, CF, LF, NSF, FF, PF",,1
16072911000001108,42056711000001109,Clopidogrel 25mg/5ml oral suspension,50,ml,"SF, STD, AF, CF, LF, NSF, FF, PF",,29570
22402511000001104,22244111000001109,Clopidogrel 75mg/5ml oral solution,1,ml,"SF, STD, LF, CF, AF, NSF, FF",,16
22402511000001104,22244211000001103,Clopidogrel 75mg/5ml oral solution,150,ml,"SF, STD, LF, CF, AF, NSF, FF",,2603
8426611000001103,8400311000001103,Clopidogrel 75mg/5ml oral suspension,1,ml,"SF, STD, NSF, AF, FF, CF, LF",,1
8426611000001103,22244611000001101,Clopidogrel 75mg/5ml oral suspension,100,ml,"SF, STD, NSF, AF, FF, CF, LF",,3522
15223211000001102,20929511000001105,Coal tar solution 5% in Betamethasone valerate 0.025% ointment,100,gram,STD,Special container,4900
17870511000001104,22373811000001108,Coal tar solution 6% / Salicylic acid 2% in Emulsifying ointment,100,gram,"STD, All bases, PF",Special container,22865
25747211000001101,25367411000001107,Coal tar solution 6% / Salicylic acid 2% in Epaderm ointment,100,gram,"STD, All bases, PF",Special container,22865
25371311000001103,25239211000001101,Coal tar solution 6% / Salicylic acid 2% in ointment,100,gram,"STD, All bases, PF",Special container,22865
23401211000001104,23401411000001100,Coal tar solution 6% / Salicylic acid 2% in Unguentum M cream,100,gram,"STD, All bases, PF",Special container,22865
25747311000001109,25364511000001103,Coal tar solution 6% / Salicylic acid 2% in White soft paraffin,100,gram,"STD, All bases, PF",Special container,22865
25747411000001102,25365811000001104,Coal tar solution 6% / Salicylic acid 2% in Yellow soft paraffin,100,gram,"STD, All bases, PF",Special container,22865
8427211000001103,8403711000001108,Co-careldopa 12.5mg/50mg/5ml oral suspension,1,ml,"SF, STD, LF, CF, NSF, AF, FF",,1
8427211000001103,27876511000001101,Co-careldopa 12.5mg/50mg/5ml oral suspension,100,ml,"SF, STD, LF, CF, NSF, AF, FF",,11533
11815111000001106,11804111000001105,Co-careldopa 25mg/100mg/5ml oral suspension,1,ml,"SF, STD, LF, CF, NSF, AF, FF",,7
11815111000001106,21310111000001100,Co-careldopa 25mg/100mg/5ml oral suspension,100,ml,"SF, STD, LF, CF, NSF, AF, FF",,4654
20424111000001104,20424311000001102,Coconut oil 25% in Emulsifying ointment,1,gram,"STD, AF, CF",,4
20424111000001104,20424211000001105,Coconut oil 25% in Emulsifying ointment,100,gram,"STD, AF, CF",,2354
8427711000001105,8405011000001107,Co-dydramol 10mg/500mg/5ml oral suspension,1,ml,"SF, LF, CF, NSF, STD, FF, AF",,1
8427711000001105,19598111000001108,Co-dydramol 10mg/500mg/5ml oral suspension,150,ml,"SF, LF, CF, NSF, STD, FF, AF",,2302
22402711000001109,22258811000001108,"Colecalciferol 10,000units/5ml oral solution",1,ml,"SF, STD, LF, AF, FF, CF",,1
22402711000001109,22258911000001103,"Colecalciferol 10,000units/5ml oral solution",20,ml,"SF, STD, LF, AF, FF, CF",,6514
24580411000001100,24568611000001102,"Colecalciferol 20,000units/ml oral solution",1,ml,"SF, STD, LF, CF, NSF, AF, FF",,1
24580411000001100,24568711000001106,"Colecalciferol 20,000units/ml oral solution",30,ml,"SF, STD, LF, CF, NSF, AF, FF",,5440
22402911000001106,22260411000001104,"Colecalciferol 5,000units/5ml oral solution",1,ml,"SF, STD, LF, AF, FF, NSF, CF",,7
22402911000001106,22260511000001100,"Colecalciferol 5,000units/5ml oral solution",20,ml,"SF, STD, LF, AF, FF, NSF, CF",,2744
8450511000001103,8408111000001103,Cyclizine 50mg/5ml oral solution,1,ml,"SF, STD, AF, FF, PF",,8
8450511000001103,22244811000001102,Cyclizine 50mg/5ml oral solution,100,ml,"SF, STD, AF, FF, PF",,1598
8450611000001104,8408411000001108,Cyclizine 50mg/5ml oral suspension,1,ml,"STD, NSF, AF, CF, FF, PF",,6
8450611000001104,22245011000001107,Cyclizine 50mg/5ml oral suspension,100,ml,"STD, NSF, AF, CF, FF, PF",,2836
8432011000001109,8414011000001105,Dantrolene 100mg/5ml oral suspension,1,ml,"SF, STD, LF, CF, NSF, AF, FF",,8
8432011000001109,24433411000001106,Dantrolene 100mg/5ml oral suspension,100,ml,"SF, STD, LF, CF, NSF, AF, FF",,3884
8430911000001109,8417311000001104,Dantrolene 25mg/5ml oral solution,1,ml,"SF, STD, AF",,7
8430911000001109,43054911000001106,Dantrolene 25mg/5ml oral solution,150,ml,"SF, STD, AF",,6000
8430811000001104,8419611000001104,Dantrolene 25mg/5ml oral suspension,1,ml,"SF, STD, LF, NSF, FF, AF",,3
8430811000001104,20461911000001105,Dantrolene 25mg/5ml oral suspension,100,ml,"SF, STD, LF, NSF, FF, AF",,4453
13893211000001109,13883611000001105,Diazepam 10mg/5ml oral suspension,1,ml,"SF, STD, AF, FF, LF, NSF, CF, PF",,2
13893211000001109,40486811000001106,Diazepam 10mg/5ml oral suspension,100,ml,"SF, STD, AF, FF, LF, NSF, CF, PF",,15796
13893311000001101,13892011000001108,Diazepam 2.5mg/5ml oral suspension,1,ml,"SF, STD, AF, CF, LF, NSF, FF",,1
13893311000001101,40611911000001106,Diazepam 2.5mg/5ml oral suspension,350,ml,"SF, STD, AF, CF, LF, NSF, FF",,6159
8453311000001103,8439111000001101,Diazoxide 250mg/5ml oral suspension,1,ml,"SF, STD, LF, CF, NSF, FF, AF",,1
8453311000001103,17641211000001100,Diazoxide 250mg/5ml oral suspension,30,ml,"SF, STD, LF, CF, NSF, FF, AF",,27031
8453711000001104,8436211000001103,Diazoxide 50mg/5ml oral suspension,1,ml,"SF, STD, LF, CF, NSF, FF, AF",,1
8453711000001104,24433611000001109,Diazoxide 50mg/5ml oral suspension,100,ml,"SF, STD, LF, CF, NSF, FF, AF",,4949
11648711000001104,11615211000001108,Diclofenac 50mg/5ml oral suspension,1,ml,"SF, STD, LF, AF, FF, NSF, CF",,1
11648711000001104,34622511000001101,Diclofenac 50mg/5ml oral suspension,150,ml,"SF, STD, LF, AF, FF, NSF, CF",,4181
8457311000001105,8440611000001102,Dihydrocodeine 10mg/5ml oral suspension,1,ml,"SF, STD, AF, CF, FF",,10
8457311000001105,41408911000001106,Dihydrocodeine 10mg/5ml oral suspension,100,ml,"SF, STD, AF, CF, FF",,14043
18519711000001103,18514111000001100,Diltiazem 0.2% cream,1,gram,STD,,1
18519711000001103,39323111000001109,Diltiazem 0.2% cream,10,gram,STD,,4169
8793111000001101,8783511000001109,Diltiazem 2% cream,1,gram,"STD, AF, CF, LF",,25
8793111000001101,15378311000001106,Diltiazem 2% cream,30,gram,"STD, AF, CF, LF",,1152
8793311000001104,8784111000001103,Diltiazem 2% ointment,1,gram,"SF, STD, AF, CF, LF",,28
8793311000001104,21310711000001104,Diltiazem 2% ointment,30,gram,"SF, STD, AF, CF, LF",,1136
8456911000001108,8444311000001104,Diltiazem 60mg/5ml oral suspension,1,ml,"SF, STD, NSF, AF, LF, CF, FF, PF",,10
8456911000001108,23390411000001101,Diltiazem 60mg/5ml oral suspension,100,ml,"SF, STD, NSF, AF, LF, CF, FF, PF",,1323
8454311000001101,8448711000001108,Dosulepin 25mg/5ml oral solution,1,ml,"SF, STD, LF, CF, FF, AF",,12
8454311000001101,22245211000001102,Dosulepin 25mg/5ml oral solution,500,ml,"SF, STD, LF, CF, FF, AF",,16626
8454111000001103,8448511000001103,Dosulepin 75mg/5ml oral solution,1,ml,"SF, STD, LF, CF, FF, AF",,9
8454111000001103,23390611000001103,Dosulepin 75mg/5ml oral solution,150,ml,"SF, STD, LF, CF, FF, AF",,4087
24509711000001103,24434311000001102,Doxazosin 1mg/5ml oral solution,1,ml,"SF, STD, LF, CF, AF, NSF",,9
24509711000001103,24434411000001109,Doxazosin 1mg/5ml oral solution,150,ml,"SF, STD, LF, CF, AF, NSF",,1844
8483411000001101,8459611000001105,Doxazosin 1mg/5ml oral suspension,1,ml,"SF, STD, LF, CF, NSF, AF",,1
8483411000001101,24434811000001106,Doxazosin 1mg/5ml oral suspension,100,ml,"SF, STD, LF, CF, NSF, AF",,4627
23466611000001105,23391011000001101,Doxazosin 4mg/5ml oral solution,1,ml,"SF, STD, LF, CF, AF, NSF",,6
23466611000001105,23391111000001100,Doxazosin 4mg/5ml oral solution,150,ml,"SF, STD, LF, CF, AF, NSF",,3916
8483511000001102,8457711000001109,Doxazosin 4mg/5ml oral suspension,1,ml,"SF, STD, NSF, AF, CF, FF, LF, PF",,4
8483511000001102,23391511000001109,Doxazosin 4mg/5ml oral suspension,150,ml,"SF, STD, NSF, AF, CF, FF, LF, PF",,2915
8485311000001109,8458911000001107,Doxycycline 50mg/5ml oral suspension,1,ml,"SF, STD, AF, NSF",,1
8485311000001109,41126911000001101,Doxycycline 50mg/5ml oral suspension,100,ml,"SF, STD, AF, NSF",,12943
8485611000001104,8459011000001103,Enalapril 1.25mg/5ml oral suspension,1,ml,"SF, STD, AF, CF, FF, LF, NSF",,6
8485611000001104,33577411000001105,Enalapril 1.25mg/5ml oral suspension,150,ml,"SF, STD, AF, CF, FF, LF, NSF",,2443
8485811000001100,8461411000001102,Enalapril 10mg/5ml oral suspension,1,ml,"SF, STD, AF, FF, LF, NSF",,2
8485811000001100,32926111000001104,Enalapril 10mg/5ml oral suspension,100,ml,"SF, STD, AF, FF, LF, NSF",,2789
8487111000001103,8462911000001104,Entacapone 200mg/5ml oral suspension,1,ml,"SF, STD, AF",,1
8487111000001103,43926311000001108,Entacapone 200mg/5ml oral suspension,300,ml,"SF, STD, AF",,107348
17662811000001101,17656211000001106,Eosin 2% solution,1,ml,STD,,18
17662811000001101,22405111000001101,Eosin 2% solution,100,ml,STD,,2272
22403211000001108,22245511000001104,"Ergocalciferol 1,000units/5ml oral solution",1,ml,"SF, STD, LF, CF, AF, FF, NSF, PF",,8
22403211000001108,22245411000001103,"Ergocalciferol 1,000units/5ml oral solution",100,ml,"SF, STD, LF, CF, AF, FF, NSF, PF",,3748
23467011000001100,23391711000001104,"Ergocalciferol 10,000units/5ml oral solution",1,ml,"SF, STD, LF, CF, NSF, AF, FF",,4
23467011000001100,23391811000001107,"Ergocalciferol 10,000units/5ml oral solution",100,ml,"SF, STD, LF, CF, NSF, AF, FF",,2864
12295111000001100,12263911000001100,"Ergocalciferol 100,000units/5ml oral solution",1,ml,"SF, STD, LF, CF, NSF, AF, FF",,1
12295111000001100,20201411000001100,"Ergocalciferol 100,000units/5ml oral solution",20,ml,"SF, STD, LF, CF, NSF, AF, FF",,3326
20478411000001101,20451911000001103,"Ergocalciferol 3,000units/ml oral solution",1,ml,"SF, STD, LF, CF, NSF, AF, FF",,1
20478411000001101,20452011000001105,"Ergocalciferol 3,000units/ml oral solution",60,ml,"SF, STD, LF, CF, NSF, AF, FF",,4110
23467211000001105,23392211000001104,"Ergocalciferol 6,000units/5ml oral solution",1,ml,"SF, STD, LF, CF, NSF, FF, AF, PF",,10
23467211000001105,23392311000001107,"Ergocalciferol 6,000units/5ml oral solution",100,ml,"SF, STD, LF, CF, NSF, FF, AF, PF",,2428
8513311000001101,8477611000001102,Ferrous sulfate 60mg/5ml oral solution,1,ml,"SF, LF, STD, NSF, FF, CF, AF",,12
8513311000001101,19598711000001109,Ferrous sulfate 60mg/5ml oral solution,100,ml,"SF, LF, STD, NSF, FF, CF, AF",,2972
15774311000001100,15654611000001100,Fexofenadine 180mg/5ml oral suspension,1,ml,"SF, STD, AF, NSF, LF",,1
15774311000001100,41181911000001102,Fexofenadine 180mg/5ml oral suspension,100,ml,"SF, STD, AF, NSF, LF",,11970
16074311000001100,16045311000001102,Finasteride 5mg/5ml oral suspension,1,ml,"SF, STD, AF, FF",,10
16074311000001100,44959811000001107,Finasteride 5mg/5ml oral suspension,50,ml,"SF, STD, AF, FF",,11526
8515311000001100,8477811000001103,Fludrocortisone 100micrograms/5ml oral suspension,1,ml,"SF, STD, LF, CF, NSF, AF, FF",,10
8515311000001100,27876911000001108,Fludrocortisone 100micrograms/5ml oral suspension,100,ml,"SF, STD, LF, CF, NSF, AF, FF",,2989
8516111000001108,8481011000001109,Fludrocortisone 50micrograms/5ml oral suspension,1,ml,"SF, STD, LF, CF, NSF, AF, FF, PF",,1
8516111000001108,22215511000001109,Fludrocortisone 50micrograms/5ml oral suspension,100,ml,"SF, STD, LF, CF, NSF, AF, FF, PF",,2913
13893411000001108,13880611000001101,Furosemide 5mg/5ml oral solution,1,ml,"SF, STD, CF, LF, NSF, AF, FF",,3
13893411000001108,22245911000001106,Furosemide 5mg/5ml oral solution,150,ml,"SF, STD, CF, LF, NSF, AF, FF",,3761
13893511000001107,13881311000001101,Furosemide 5mg/5ml oral suspension,1,ml,"SF, AF, STD, CF, NSF",,28
13893511000001107,22246111000001102,Furosemide 5mg/5ml oral suspension,100,ml,"SF, AF, STD, CF, NSF",,22346
8520111000001104,8491111000001109,Gabapentin 100mg/5ml oral solution,1,ml,"SF, STD, AF, CF, FF, LF, NSF",,15
8520111000001104,40612711000001102,Gabapentin 100mg/5ml oral solution,100,ml,"SF, STD, AF, CF, FF, LF, NSF",,24597
8520211000001105,8491811000001102,Gabapentin 100mg/5ml oral suspension,1,ml,"SF, STD, AF, FF, LF, NSF, CF, PF",,45
8520211000001105,40612911000001100,Gabapentin 100mg/5ml oral suspension,100,ml,"SF, STD, AF, FF, LF, NSF, CF, PF",,6898
14014011000001102,13969911000001107,Gabapentin 400mg/5ml oral suspension,1,ml,"SF, STD, AF, CF, FF, LF, NSF, PF",,38
14014011000001102,20431211000001106,Gabapentin 400mg/5ml oral suspension,200,ml,"SF, STD, AF, CF, FF, LF, NSF, PF",,11341
8524211000001102,8497011000001103,Gliclazide 40mg/5ml oral suspension,1,ml,"SF, STD, NSF, AF, CF, FF, LF",,6
8524211000001102,22246311000001100,Gliclazide 40mg/5ml oral suspension,100,ml,"SF, STD, NSF, AF, CF, FF, LF",,1705
8524311000001105,8496511000001109,Gliclazide 80mg/5ml oral suspension,1,ml,"SF, LF, CF, NSF, STD, AF, FF",,2
8524311000001105,19594511000001106,Gliclazide 80mg/5ml oral suspension,150,ml,"SF, LF, CF, NSF, STD, AF, FF",,1660
41899011000001105,9053611000001104,Glyceryl trinitrate 0.2% ointment,1,gram,STD,,6
41899011000001105,19602311000001103,Glyceryl trinitrate 0.2% ointment,30,gram,STD,,5110
23443811000001109,23442611000001100,Glycopyrronium bromide 0.05% topical solution,1,ml,"STD, PF, AF, CF",,1
23443811000001109,23442811000001101,Glycopyrronium bromide 0.05% topical solution,500,ml,"STD, PF, AF, CF",,2575
20353111000001105,20349211000001104,Glycopyrronium bromide 2% in Cetomacrogol cream (Formula A),1,gram,"SF, STD, AF",,1
20353111000001105,33858911000001104,Glycopyrronium bromide 2% in Cetomacrogol cream (Formula A),30,gram,"SF, STD, AF",,12855
23467311000001102,23399111000001101,Glycopyrronium bromide 2.5mg/5ml oral solution,1,ml,"SF, STD, LF, CF, NSF, AF, FF",,1
23467311000001102,23399211000001107,Glycopyrronium bromide 2.5mg/5ml oral solution,100,ml,"SF, STD, LF, CF, NSF, AF, FF",,3851
23471411000001107,23399611000001109,Glycopyrronium bromide 2.5mg/5ml oral suspension,1,ml,"SF, STD, LF, CF, NSF, AF, FF",,2
23471411000001107,23399711000001100,Glycopyrronium bromide 2.5mg/5ml oral suspension,200,ml,"SF, STD, LF, CF, NSF, AF, FF",,1906
8524711000001109,8498011000001102,Glycopyrronium bromide 200micrograms/5ml oral solution,1,ml,"SF, STD, LF, CF, NSF, AF, FF",,7
8524711000001109,23400111000001104,Glycopyrronium bromide 200micrograms/5ml oral solution,100,ml,"SF, STD, LF, CF, NSF, AF, FF",,1790
8524811000001101,8498511000001105,Glycopyrronium bromide 200micrograms/5ml oral suspension,1,ml,"SF, STD, LF, CF, NSF, AF, FF",,5
8524811000001101,23400411000001109,Glycopyrronium bromide 200micrograms/5ml oral suspension,100,ml,"SF, STD, LF, CF, NSF, AF, FF",,1185
8525511000001103,8499711000001109,Glycopyrronium bromide 500micrograms/5ml oral solution,1,ml,"SF, STD, LF, CF, NSF, AF, FF",,7
8525511000001103,24435311000001103,Glycopyrronium bromide 500micrograms/5ml oral solution,100,ml,"SF, STD, LF, CF, NSF, AF, FF",,1598
8525611000001104,8501511000001105,Glycopyrronium bromide 500micrograms/5ml oral suspension,1,ml,"SF, STD, LF, CF, NSF, AF, FF",,5
8525611000001104,24436111000001106,Glycopyrronium bromide 500micrograms/5ml oral suspension,300,ml,"SF, STD, LF, CF, NSF, AF, FF",,2137
8525711000001108,8500111000001107,Glycopyrronium bromide 5mg/5ml oral solution,1,ml,"SF, STD, LF, CF, NSF, AF, FF",,6
8525711000001108,21381111000001108,Glycopyrronium bromide 5mg/5ml oral solution,100,ml,"SF, STD, LF, CF, NSF, AF, FF",,2998
8525811000001100,8500711000001108,Glycopyrronium bromide 5mg/5ml oral suspension,1,ml,"SF, STD, LF, CF, NSF, AF, FF",,24
8525811000001100,23400611000001107,Glycopyrronium bromide 5mg/5ml oral suspension,50,ml,"SF, STD, LF, CF, NSF, AF, FF",,1438
8526711000001100,8505411000001109,Griseofulvin 125mg/5ml oral suspension,1,ml,"SF, STD, LF, CF, NSF, AF, FF",,2
8526711000001100,24436311000001108,Griseofulvin 125mg/5ml oral suspension,100,ml,"SF, STD, LF, CF, NSF, AF, FF",,3559
8526911000001103,8505811000001106,Griseofulvin 175mg/5ml oral suspension,1,ml,"SF, STD, LF, CF, NSF, AF, FF",,7
8526911000001103,30852511000001105,Griseofulvin 175mg/5ml oral suspension,100,ml,"SF, STD, LF, CF, NSF, AF, FF",,4085
8528611000001105,8521811000001103,Hydralazine 10mg/5ml oral suspension,1,ml,"SF, LF, AF, NSF, STD, FF",,1
8528611000001105,37801611000001100,Hydralazine 10mg/5ml oral suspension,100,ml,"SF, LF, AF, NSF, STD, FF",,4412
41901811000001109,16047911000001106,Hydroquinone 4% cream,1,gram,STD,,3
41901811000001109,30931011000001103,Hydroquinone 4% cream,30,gram,STD,,5707
8560011000001105,8539411000001101,Hydroxychloroquine 200mg/5ml oral suspension,1,ml,"SF, STD, CF, NSF, AF, FF, LF",,8
8560011000001105,29562611000001103,Hydroxychloroquine 200mg/5ml oral suspension,100,ml,"SF, STD, CF, NSF, AF, FF, LF",,1885
35577711000001105,35570811000001101,Hydroxyzine 10mg/5ml oral suspension,1,ml,"SF, STD, AF, NSF, CF, FF, PF",,6
35577711000001105,37490711000001108,Hydroxyzine 10mg/5ml oral suspension,100,ml,"SF, STD, AF, NSF, CF, FF, PF",,9242
8560311000001108,8539711000001107,Hyoscine butylbromide 10mg/5ml oral solution,1,ml,"SF, STD, AF, CF, FF, LF, NSF, PF",,1
8560311000001108,22247511000001108,Hyoscine butylbromide 10mg/5ml oral solution,100,ml,"SF, STD, AF, CF, FF, LF, NSF, PF",,2459
8560411000001101,8540311000001100,Hyoscine butylbromide 10mg/5ml oral suspension,1,ml,"STD, NSF, AF, CF, FF, LF",,13
8560411000001101,22247711000001103,Hyoscine butylbromide 10mg/5ml oral suspension,100,ml,"STD, NSF, AF, CF, FF, LF",,1691
8560711000001107,8541011000001107,Hyoscine hydrobromide 300micrograms/5ml oral solution,1,ml,"SF, STD, LF, CF, NSF, AF, FF",,6
8560711000001107,21311211000001100,Hyoscine hydrobromide 300micrograms/5ml oral solution,100,ml,"SF, STD, LF, CF, NSF, AF, FF",,1470
21514811000001100,21311711000001107,Hyoscine hydrobromide 300micrograms/5ml oral suspension,1,ml,"SF, STD, LF, CF, NSF, AF, FF",,16
21514811000001100,21311811000001104,Hyoscine hydrobromide 300micrograms/5ml oral suspension,100,ml,"SF, STD, LF, CF, NSF, AF, FF",,1917
8560811000001104,8541811000001101,Hyoscine hydrobromide 500micrograms/5ml oral solution,1,ml,"SF, STD, LF, AF, FF, CF",,13
8560811000001104,22240411000001105,Hyoscine hydrobromide 500micrograms/5ml oral solution,100,ml,"SF, STD, LF, AF, FF, CF",,1760
19947211000001100,19903011000001106,Hyoscine hydrobromide 500micrograms/5ml oral suspension,1,ml,"SF, STD, AF, LF, NSF, CF, FF",,5
19947211000001100,22081611000001102,Hyoscine hydrobromide 500micrograms/5ml oral suspension,100,ml,"SF, STD, AF, LF, NSF, CF, FF",,1631
21578911000001105,21575111000001102,Indapamide 2.5mg/5ml oral suspension,1,ml,"SF, STD, AF, CF, FF, LF, NSF, PF",,1
21578911000001105,38348411000001105,Indapamide 2.5mg/5ml oral suspension,150,ml,"SF, STD, AF, CF, FF, LF, NSF, PF",,6927
42105711000001102,8545611000001102,Indometacin 25mg/5ml oral suspension,1,ml,"SF, NSF, STD, AF, FF, LF, CF",,14
42105711000001102,22240611000001108,Indometacin 25mg/5ml oral suspension,100,ml,"SF, NSF, STD, AF, FF, LF, CF",,4035
8562611000001102,8548811000001107,Isoniazid 50mg/5ml oral solution,1,ml,"SF, STD, LF, CF, AF, NSF",,6
8562611000001102,21251611000001100,Isoniazid 50mg/5ml oral solution,500,ml,"SF, STD, LF, CF, AF, NSF",,4089
8580011000001107,8552011000001102,Isosorbide mononitrate 20mg/5ml oral suspension,1,ml,"SF, STD, LF, CF, NSF, AF, FF",,10
8580011000001107,24437011000001108,Isosorbide mononitrate 20mg/5ml oral suspension,100,ml,"SF, STD, LF, CF, NSF, AF, FF",,1407
8579511000001104,8554711000001105,Ketamine 50mg/5ml oral solution,1,ml,"SF, STD, LF, CF, NSF, FF, AF",,10
8579511000001104,20431411000001105,Ketamine 50mg/5ml oral solution,200,ml,"SF, STD, LF, CF, NSF, FF, AF",,3680
20478811000001104,20431911000001102,Ketamine 50mg/5ml oral suspension,1,ml,"SF, STD, LF, CF, NSF, FF, AF",,6
20478811000001104,20432011000001109,Ketamine 50mg/5ml oral suspension,200,ml,"SF, STD, LF, CF, NSF, FF, AF",,5271
15536711000001106,15536311000001107,Lansoprazole 15mg/5ml oral solution,1,ml,"SF, STD, NSF, LF",,8
15536711000001106,40453711000001102,Lansoprazole 15mg/5ml oral solution,100,ml,"SF, STD, NSF, LF",,1670
15632711000001100,15619311000001102,Lansoprazole 15mg/5ml oral suspension,1,ml,"SF, STD, NSF, AF, FF, CF, LF",,2
15632711000001100,22248111000001103,Lansoprazole 15mg/5ml oral suspension,100,ml,"SF, STD, NSF, AF, FF, CF, LF",,2333
14014211000001107,13984211000001100,Lansoprazole 30mg/5ml oral solution,1,ml,"SF, STD, NSF, LF",,2
14014211000001107,40453911000001100,Lansoprazole 30mg/5ml oral solution,100,ml,"SF, STD, NSF, LF",,2268
14014311000001104,13984711000001107,Lansoprazole 30mg/5ml oral suspension,1,ml,"SF, STD, NSF, AF, CF, LF, FF",,8
14014311000001104,22248811000001105,Lansoprazole 30mg/5ml oral suspension,100,ml,"SF, STD, NSF, AF, CF, LF, FF",,1563
13821911000001109,13820711000001104,Lansoprazole 5mg/5ml oral suspension,1,ml,"SF, STD, LF, CF, NSF, AF, FF",,2
13821911000001109,23392711000001106,Lansoprazole 5mg/5ml oral suspension,100,ml,"SF, STD, LF, CF, NSF, AF, FF",,1474
8582811000001100,8566411000001104,Levomepromazine 2.5mg/5ml oral suspension,1,ml,"SF, STD, LF, CF, NSF, AF, FF",,3
8582811000001100,27877111000001108,Levomepromazine 2.5mg/5ml oral suspension,100,ml,"SF, STD, LF, CF, NSF, AF, FF",,3174
12646911000001102,12627611000001107,Levomepromazine 6mg/5ml oral suspension,1,ml,"SF, STD, AF, CF, FF, LF, NSF",,17
12646911000001102,38022011000001100,Levomepromazine 6mg/5ml oral suspension,100,ml,"SF, STD, AF, CF, FF, LF, NSF",,8534
41742111000001109,3764411000001107,Lidocaine 2% gel,15,ml,"STD, CF, AF",Special container,2800
8622311000001106,8592611000001100,Lisinopril 20mg/5ml oral solution,1,ml,"SF, STD, LF, CF, NSF, AF, FF",,8
8622311000001106,27877711000001109,Lisinopril 20mg/5ml oral solution,100,ml,"SF, STD, LF, CF, NSF, AF, FF",,3716
8622411000001104,8593311000001100,Lisinopril 20mg/5ml oral suspension,1,ml,"SF, STD, LF, CF, NSF, AF, FF",,12
8622411000001104,27877911000001106,Lisinopril 20mg/5ml oral suspension,100,ml,"SF, STD, LF, CF, NSF, AF, FF",,2496
8623511000001107,8594411000001105,Loperamide 25mg/5ml oral solution,1,ml,"SF, STD, FF, NSF, AF, LF, CF",,3
8623511000001107,24438011000001109,Loperamide 25mg/5ml oral solution,100,ml,"SF, STD, FF, NSF, AF, LF, CF",,3578
8623711000001102,8594811000001107,Loperamide 25mg/5ml oral suspension,1,ml,"SF, STD, LF, CF, NSF, AF, FF",,1
8623711000001102,23393011000001100,Loperamide 25mg/5ml oral suspension,100,ml,"SF, STD, LF, CF, NSF, AF, FF",,3377
8624311000001104,8596111000001107,Lorazepam 1mg/5ml oral solution,1,ml,"SF, LF, CF, STD, NSF, AF",,1
8624311000001104,19597711000001108,Lorazepam 1mg/5ml oral solution,150,ml,"SF, LF, CF, STD, NSF, AF",,2758
8624511000001105,8596711000001108,Lorazepam 1mg/5ml oral suspension,1,ml,"SF, LF, CF, NSF, STD, AF, FF",,4
8624511000001105,19598411000001103,Lorazepam 1mg/5ml oral suspension,100,ml,"SF, LF, CF, NSF, STD, AF, FF",,4460
8659611000001107,8598511000001102,Lorazepam 500micrograms/5ml oral solution,1,ml,"SF, LF, CF, STD, AF",,2
8659611000001107,19598811000001101,Lorazepam 500micrograms/5ml oral solution,150,ml,"SF, LF, CF, STD, AF",,2017
8659811000001106,8599411000001109,Lorazepam 500micrograms/5ml oral suspension,1,ml,"SF, LF, CF, NSF, STD, FF, AF",,4
8659811000001106,19599211000001107,Lorazepam 500micrograms/5ml oral suspension,100,ml,"SF, LF, CF, NSF, STD, FF, AF",,3213
14159411000001106,14084711000001103,Losartan 50mg/5ml oral solution,1,ml,"SF, STD, FF",,7
14159411000001106,42057011000001105,Losartan 50mg/5ml oral solution,100,ml,"SF, STD, FF",,2207
14159511000001105,14085411000001105,Losartan 50mg/5ml oral suspension,1,ml,"SF, STD, LF, CF, NSF, AF, FF",,2
14159511000001105,24438211000001104,Losartan 50mg/5ml oral suspension,150,ml,"SF, STD, LF, CF, NSF, AF, FF",,2846
8661411000001104,8603611000001101,Magnesium glycerophosphate (magnesium 97.2mg/5ml (4mmol/5ml)) oral solution,1,ml,"SF, STD, FF, AF, CF, LF",,5
8661411000001104,29562911000001109,Magnesium glycerophosphate (magnesium 97.2mg/5ml (4mmol/5ml)) oral solution,200,ml,"SF, STD, FF, AF, CF, LF",,962
28012811000001102,27878111000001109,Melatonin 2.5mg/5ml oral solution,1,ml,"SF, STD, LF, CF, NSF, AF, FF",,13
28012811000001102,27878211000001103,Melatonin 2.5mg/5ml oral solution,100,ml,"SF, STD, LF, CF, NSF, AF, FF",,1636
8662911000001101,8609111000001107,Melatonin 2.5mg/5ml oral suspension,1,ml,"SF, STD, LF, CF, NSF, AF, FF",,12
8662911000001101,27878611000001101,Melatonin 2.5mg/5ml oral suspension,100,ml,"SF, STD, LF, CF, NSF, AF, FF",,1882
12700111000001104,12688611000001103,Melatonin 2mg/5ml oral solution,1,ml,"SF, STD, LF, CF, NSF, AF, FF, PF",,3
12700111000001104,23393211000001105,Melatonin 2mg/5ml oral solution,100,ml,"SF, STD, LF, CF, NSF, AF, FF, PF",,1294
12700211000001105,12688011000001105,Melatonin 2mg/5ml oral suspension,1,ml,"SF, STD, LF, CF, NSF, AF, FF, PF",,4
12700211000001105,23393411000001109,Melatonin 2mg/5ml oral suspension,100,ml,"SF, STD, LF, CF, NSF, AF, FF, PF",,1941
12700311000001102,12689211000001105,Melatonin 3mg/5ml oral solution,1,ml,"SF, STD, LF, CF, NSF, FF, AF",,9
12700311000001102,23393611000001107,Melatonin 3mg/5ml oral solution,100,ml,"SF, STD, LF, CF, NSF, FF, AF",,1164
12700411000001109,12688911000001109,Melatonin 3mg/5ml oral suspension,1,ml,"SF, STD, LF, NSF, AF, CF, FF, PF",,3
12700411000001109,23393811000001106,Melatonin 3mg/5ml oral suspension,100,ml,"SF, STD, LF, NSF, AF, CF, FF, PF",,2883
12700611000001107,12689511000001108,Melatonin 4mg/5ml oral suspension,1,ml,"SF, LF, AF, STD, NSF, CF, FF, PF",,1
12700611000001107,37802211000001109,Melatonin 4mg/5ml oral suspension,150,ml,"SF, LF, AF, STD, NSF, CF, FF, PF",,19425
8663411000001100,8612211000001106,Menadiol 5mg/5ml oral suspension,1,ml,"SF, STD, LF, CF, NSF, AF, FF",,20
8663411000001100,23394011000001103,Menadiol 5mg/5ml oral suspension,30,ml,"SF, STD, LF, CF, NSF, AF, FF",,3468
12390711000001102,12320411000001103,Methylphenidate 5mg/5ml oral solution,1,ml,"SF, AF, STD",,6
12390711000001102,42336111000001106,Methylphenidate 5mg/5ml oral solution,60,ml,"SF, AF, STD",,1159
28012911000001107,27878811000001102,Methylphenidate 5mg/5ml oral suspension,1,ml,"SF, STD, LF, CF, NSF, AF, FF",,6
28012911000001107,27878911000001107,Methylphenidate 5mg/5ml oral suspension,150,ml,"SF, STD, LF, CF, NSF, AF, FF",,2640
8668211000001107,8632911000001105,Metoprolol 12.5mg/5ml oral solution,1,ml,"SF, STD, LF, CF, AF, NSF",,4
8668211000001107,22249611000001102,Metoprolol 12.5mg/5ml oral solution,150,ml,"SF, STD, LF, CF, AF, NSF",,1956
8668411000001106,8633511000001105,Metoprolol 12.5mg/5ml oral suspension,1,ml,"SF, STD, AF, NSF, CF, LF, FF, PF",,9
8668411000001106,22058711000001105,Metoprolol 12.5mg/5ml oral suspension,100,ml,"SF, STD, AF, NSF, CF, LF, FF, PF",,637
8668911000001103,8635311000001103,Metoprolol 50mg/5ml oral solution,1,ml,"SF, STD, LF, CF, AF, NSF",,1
8668911000001103,27879311000001100,Metoprolol 50mg/5ml oral solution,150,ml,"SF, STD, LF, CF, AF, NSF",,4516
16131011000001109,16127511000001105,Nadolol 20mg/5ml oral suspension,1,ml,"SF, STD, LF, CF, NSF, AF, FF, PF",,9
16131011000001109,30852811000001108,Nadolol 20mg/5ml oral suspension,100,ml,"SF, STD, LF, CF, NSF, AF, FF, PF",,6799
16110011000001107,16104211000001107,Nadolol 30mg/5ml oral suspension,1,ml,"SF, STD, LF, AF, FF, CF, NSF",,1
16110011000001107,30853511000001103,Nadolol 30mg/5ml oral suspension,100,ml,"SF, STD, LF, AF, FF, CF, NSF",,11422
12300811000001107,12249911000001109,Nadolol 40mg/5ml oral suspension,1,ml,"SF, STD, NSF, AF, LF, FF, CF, PF",,7
12300811000001107,30853911000001105,Nadolol 40mg/5ml oral suspension,100,ml,"SF, STD, NSF, AF, LF, FF, CF, PF",,2255
16110211000001102,16106311000001105,Naltrexone 5mg/5ml oral solution,1,ml,"SF, STD, LF, CF, NSF, AF, FF",,5
16110211000001102,29948911000001109,Naltrexone 5mg/5ml oral solution,100,ml,"SF, STD, LF, CF, NSF, AF, FF",,2860
16110311000001105,16106611000001100,Naltrexone 5mg/5ml oral suspension,1,ml,"SF, STD, LF, CF, NSF, AF, FF",,1
16110311000001105,24438811000001103,Naltrexone 5mg/5ml oral suspension,100,ml,"SF, STD, LF, CF, NSF, AF, FF",,3837
12301411000001101,12257511000001107,Naproxen 200mg/5ml oral suspension,1,ml,"SF, STD, LF, CF, NSF, AF, FF",,12
12301411000001101,22248511000001107,Naproxen 200mg/5ml oral suspension,100,ml,"SF, STD, LF, CF, NSF, AF, FF",,1851
14614911000001109,16093811000001100,Neomycin 0.5% cream,1,gram,STD,,1
14614911000001109,5188911000001109,Neomycin 0.5% cream,15,gram,STD,,4823
8670111000001106,8640311000001109,Nifedipine 10mg/5ml oral suspension,1,ml,"SF, STD, LF, CF, NSF, AF, FF",,3
8670111000001106,23394211000001108,Nifedipine 10mg/5ml oral suspension,100,ml,"SF, STD, LF, CF, NSF, AF, FF",,1875
8670311000001108,8642111000001106,Nifedipine 5mg/5ml oral suspension,1,ml,"SF, STD, LF, CF, NSF, AF, FF",,5
8670311000001108,27880211000001108,Nifedipine 5mg/5ml oral suspension,100,ml,"SF, STD, LF, CF, NSF, AF, FF",,1694
42132511000001105,8642011000001105,Nitrazepam 5mg/5ml oral suspension,1,ml,"SF, STD, LF, FF, AF, CF",,36
42132511000001105,34861911000001104,Nitrazepam 5mg/5ml oral suspension,100,ml,"SF, STD, LF, FF, AF, CF",,12143
14015811000001109,13973011000001101,Olanzapine 2.5mg/5ml oral solution,1,ml,STD,,4
14015811000001109,43057311000001101,Olanzapine 2.5mg/5ml oral solution,100,ml,STD,,3262
14015911000001104,13973611000001108,Olanzapine 2.5mg/5ml oral suspension,1,ml,"SF, STD, LF, CF, NSF, AF, FF",,6
14015911000001104,23394411000001107,Olanzapine 2.5mg/5ml oral suspension,70,ml,"SF, STD, LF, CF, NSF, AF, FF",,3514
16634911000001105,16632711000001103,Paraldehyde 50% in Olive oil rectal solution,1,ml,"SF, STD",,29
16634911000001105,20977011000001107,Paraldehyde 50% in Olive oil rectal solution,10,ml,"SF, STD",,1749
23471511000001106,23394811000001109,Perindopril erbumine 4mg/5ml oral solution,1,ml,"SF, STD, LF, CF",,2
23471511000001106,23394911000001104,Perindopril erbumine 4mg/5ml oral solution,150,ml,"SF, STD, LF, CF",,1927
8671311000001103,8646911000001108,Perindopril erbumine 4mg/5ml oral suspension,1,ml,"SF, STD, LF, CF, NSF, AF, FF",,6
8671311000001103,23395311000001101,Perindopril erbumine 4mg/5ml oral suspension,100,ml,"SF, STD, LF, CF, NSF, AF, FF",,2079
8800911000001106,8789411000001107,Phenobarbital 50mg/5ml oral solution,1,ml,"SF, STD, AF, CF, FF, LF, NSF",,13
8800911000001106,20449911000001102,Phenobarbital 50mg/5ml oral solution,150,ml,"SF, STD, AF, CF, FF, LF, NSF",,9259
8800811000001101,8789811000001109,Phenobarbital 50mg/5ml oral suspension,1,ml,"SF, STD, AF, LF, NSF, FF, CF",,1
8800811000001101,20450111000001107,Phenobarbital 50mg/5ml oral suspension,100,ml,"SF, STD, AF, LF, NSF, FF, CF",,8001
8817911000001105,8814311000001100,Phenytoin 90mg/5ml oral suspension,1,ml,"SF, LF, STD, CF, NSF, AF, FF",,4
8817911000001105,19603811000001104,Phenytoin 90mg/5ml oral suspension,500,ml,"SF, LF, STD, CF, NSF, AF, FF",,3349
32658111000001102,32508411000001109,Pizotifen 250micrograms/5ml oral solution,1,ml,"SF, STD, AF",,10
32658111000001102,32508511000001108,Pizotifen 250micrograms/5ml oral solution,100,ml,"SF, STD, AF",,18583
32658211000001108,32508911000001101,Pizotifen 250micrograms/5ml oral suspension,1,ml,"SF, STD, NSF, AF, CF, FF, LF, PF",,30
32658211000001108,32509011000001105,Pizotifen 250micrograms/5ml oral suspension,100,ml,"SF, STD, NSF, AF, CF, FF, LF, PF",,4303
9408011000001102,23404811000001101,Prednisolone sodium phosphate 0.1% eye drops,10,ml,"STD, AF",Special container,2673
9408111000001101,27901911000001104,Prednisolone sodium phosphate 0.1% eye drops preservative free,10,ml,"PF, AF",Special container,2673
14016811000001101,13987111000001101,Pregabalin 75mg/5ml oral suspension,1,ml,"SF, STD, AF, LF, NSF, CF, FF",,40
14016811000001101,22250211000001109,Pregabalin 75mg/5ml oral suspension,100,ml,"SF, STD, AF, LF, NSF, CF, FF",,4199
42135911000001106,11485011000001103,Primidone 250mg/5ml oral suspension,1,ml,"SF, STD, LF, AF, FF, CF, NSF",,7
42135911000001106,35338511000001100,Primidone 250mg/5ml oral suspension,150,ml,"SF, STD, LF, AF, FF, CF, NSF",,12193
8818211000001102,8808811000001103,Primidone 50mg/5ml oral suspension,1,ml,"SF, LF, CF, NSF, STD, AF, FF",,2
8818211000001102,19934211000001108,Primidone 50mg/5ml oral suspension,150,ml,"SF, LF, CF, NSF, STD, AF, FF",,2135
8818311000001105,8809411000001108,Primidone 62.5mg/5ml oral suspension,1,ml,"SF, STD, LF, CF, NSF, AF, FF",,8
8818311000001105,21312611000001109,Primidone 62.5mg/5ml oral suspension,100,ml,"SF, STD, LF, CF, NSF, AF, FF",,2650
22914211000001106,22914411000001105,Propylene glycol 40% in Clobetasol 0.05% cream,1,gram,STD,,5
22914211000001106,22915111000001101,Propylene glycol 40% in Clobetasol 0.05% cream,100,gram,STD,,2502
19976611000001104,19949311000001103,Pyridostigmine bromide 20mg/5ml oral suspension,1,ml,"SF, STD, LF, CF, NSF, AF, FF",,10
19976611000001104,27880411000001107,Pyridostigmine bromide 20mg/5ml oral suspension,100,ml,"SF, STD, LF, CF, NSF, AF, FF",,1726
8716711000001108,8683811000001101,Pyridostigmine bromide 30mg/5ml oral suspension,1,ml,"SF, STD, LF, CF, NSF, AF, FF",,1
8716711000001108,27880611000001105,Pyridostigmine bromide 30mg/5ml oral suspension,50,ml,"SF, STD, LF, CF, NSF, AF, FF",,1215
8716911000001105,8681911000001105,Pyridostigmine bromide 50mg/5ml oral suspension,1,ml,"SF, STD, AF, NSF, FF",,30
8716911000001105,32507711000001104,Pyridostigmine bromide 50mg/5ml oral suspension,100,ml,"SF, STD, AF, NSF, FF",,4149
13273611000001109,13259111000001101,Pyridoxine 100mg/5ml oral solution,1,ml,"SF, STD, CF, AF, FF, NSF",,2
13273611000001109,27882011000001104,Pyridoxine 100mg/5ml oral solution,100,ml,"SF, STD, CF, AF, FF, NSF",,2273
19976711000001108,19949011000001101,Pyridoxine 100mg/5ml oral suspension,1,ml,"SF, STD, LF, CF, NSF, AF, FF",,19
19976711000001108,27882211000001109,Pyridoxine 100mg/5ml oral suspension,50,ml,"SF, STD, LF, CF, NSF, AF, FF",,1904
13011711000001100,12988611000001102,Quetiapine 12.5mg/5ml oral suspension,1,ml,"SF, LF, CF, NSF, STD, AF, FF",,18
13011711000001100,19604211000001102,Quetiapine 12.5mg/5ml oral suspension,100,ml,"SF, LF, CF, NSF, STD, AF, FF",,2155
13012311000001108,12991611000001106,Quetiapine 25mg/5ml oral suspension,1,ml,"SF, STD, LF, CF, NSF, AF, FF",,16
13012311000001108,22250411000001108,Quetiapine 25mg/5ml oral suspension,150,ml,"SF, STD, LF, CF, NSF, AF, FF",,3985
15452111000001102,15450211000001107,Quetiapine 50mg/5ml oral suspension,1,ml,"SF, STD, LF, CF, NSF, AF",,15
15452111000001102,24439011000001104,Quetiapine 50mg/5ml oral suspension,100,ml,"SF, STD, LF, CF, NSF, AF",,2262
8720011000001104,8692111000001101,Quinine sulfate 200mg/5ml oral suspension,1,ml,"SF, STD, AF, FF, NSF",,1
8720011000001104,20264111000001109,Quinine sulfate 200mg/5ml oral suspension,100,ml,"SF, STD, AF, FF, NSF",,4737
8720111000001103,8692411000001106,Quinine sulfate 300mg/5ml oral suspension,1,ml,"SF, STD, LF, CF, NSF, FF, AF",,1
8720111000001103,24439211000001109,Quinine sulfate 300mg/5ml oral suspension,150,ml,"SF, STD, LF, CF, NSF, FF, AF",,4433
8721311000001106,8695011000001107,Riboflavin 120mg/5ml oral suspension,1,ml,"SF, STD, LF, NSF, AF, CF, FF, PF",,1
8721311000001106,33859711000001105,Riboflavin 120mg/5ml oral suspension,100,ml,"SF, STD, LF, NSF, AF, CF, FF, PF",,4584
15223411000001103,15207511000001101,Salicylic acid 10% in Aqueous cream,1,gram,"SF, STD, AF, CF, FF, LF, NSF, PF",,8
15223411000001103,20276311000001108,Salicylic acid 10% in Aqueous cream,100,gram,"SF, STD, AF, CF, FF, LF, NSF, PF",,2287
15223511000001104,15207811000001103,Salicylic acid 10% in Emulsifying ointment,1,gram,"STD, All bases",,8
15223511000001104,20276111000001106,Salicylic acid 10% in Emulsifying ointment,100,gram,"STD, All bases",,2122
15223611000001100,15208111000001106,Salicylic acid 10% in Hydrous ointment,1,gram,"STD, All bases",,8
15223611000001100,30005711000001104,Salicylic acid 10% in Hydrous ointment,100,gram,"STD, All bases",,2122
15223711000001109,15208411000001101,Salicylic acid 10% in White soft paraffin,1,gram,"STD, All bases",,8
15223711000001109,20276911000001109,Salicylic acid 10% in White soft paraffin,100,gram,"STD, All bases",,2122
17663111000001102,17655911000001109,Salicylic acid 10% in Yellow soft paraffin,1,gram,"STD, All bases",,8
17663111000001102,20277311000001106,Salicylic acid 10% in Yellow soft paraffin,100,gram,"STD, All bases",,2122
15223811000001101,15208711000001107,Salicylic acid 2% / Sulfur 2% in Aqueous cream,1,gram,STD,,55
15223811000001101,21517811000001109,Salicylic acid 2% / Sulfur 2% in Aqueous cream,100,gram,STD,,5961
15224011000001109,15209811000001106,Salicylic acid 2% in Aqueous cream,1,gram,STD,,2
15224011000001109,20440011000001109,Salicylic acid 2% in Aqueous cream,100,gram,STD,,3182
15224611000001102,15213111000001100,Salicylic acid 20% in Emulsifying ointment,1,gram,"All bases, STD",,1
15224611000001102,20378211000001105,Salicylic acid 20% in Emulsifying ointment,100,gram,"All bases, STD",,2727
30104211000001103,29939311000001103,Salicylic acid 20% in Hydrous ointment,1,gram,"All bases, STD",,1
30104211000001103,29939411000001105,Salicylic acid 20% in Hydrous ointment,100,gram,"All bases, STD",,2727
15224511000001101,15213611000001108,Salicylic acid 20% in White soft paraffin,1,gram,"All bases, STD",,1
15224511000001101,20379511000001102,Salicylic acid 20% in White soft paraffin,100,gram,"All bases, STD",,2727
30104311000001106,29939811000001107,Salicylic acid 20% in Yellow soft paraffin,1,gram,"All bases, STD",,1
30104311000001106,29939911000001102,Salicylic acid 20% in Yellow soft paraffin,100,gram,"All bases, STD",,2727
15225311000001106,15217811000001101,Salicylic acid 5% cream,1,gram,STD,,4
15225311000001106,20381411000001105,Salicylic acid 5% cream,100,gram,STD,,2321
15225411000001104,15218111000001109,Salicylic acid 5% in Emulsifying ointment,1,gram,"SF, All bases, STD, AF, CF, FF, LF",,7
15225411000001104,20381911000001102,Salicylic acid 5% in Emulsifying ointment,100,gram,"SF, All bases, STD, AF, CF, FF, LF",,1796
30104411000001104,29938811000001100,Salicylic acid 5% in Hydrous ointment,1,gram,"SF, All bases, STD, AF, CF, FF, LF",,7
30104411000001104,29939111000001100,Salicylic acid 5% in Hydrous ointment,100,gram,"SF, All bases, STD, AF, CF, FF, LF",,1796
15225511000001100,15218411000001104,Salicylic acid 5% in White soft paraffin,1,gram,"SF, All bases, STD, AF, CF, FF, LF",,7
15225511000001100,20382411000001100,Salicylic acid 5% in White soft paraffin,100,gram,"SF, All bases, STD, AF, CF, FF, LF",,1796
20285811000001104,20285911000001109,Salicylic acid 5% in Yellow soft paraffin,1,gram,"SF, All bases, STD, AF, CF, FF, LF",,7
20285811000001104,20286011000001101,Salicylic acid 5% in Yellow soft paraffin,100,gram,"SF, All bases, STD, AF, CF, FF, LF",,1796
15452511000001106,15448611000001109,Sildenafil 10mg/5ml oral suspension,1,ml,"SF, STD, NSF, AF, LF, CF, FF, PF",,1
15452511000001106,22250711000001102,Sildenafil 10mg/5ml oral suspension,100,ml,"SF, STD, NSF, AF, LF, CF, FF, PF",,10004
14058111000001103,14031511000001103,Sildenafil 25mg/5ml oral suspension,1,ml,"SF, STD, NSF, AF, LF, CF, FF, PF",,1
14058111000001103,22250911000001100,Sildenafil 25mg/5ml oral suspension,100,ml,"SF, STD, NSF, AF, LF, CF, FF, PF",,9077
13047311000001101,13035511000001102,Sodium benzoate 500mg/5ml oral solution,1,ml,"SF, STD, LF, CF, NSF, AF, FF, PF",,7
13047311000001101,21313211000001101,Sodium benzoate 500mg/5ml oral solution,100,ml,"SF, STD, LF, CF, NSF, AF, FF, PF",,3479
13275711000001104,13258711000001109,Sodium chloride 1.17g/5ml (4mmol/ml) oral solution,1,ml,"SF, STD, LF, AF, CF, FF, PF",,3
13275711000001104,22385111000001106,Sodium chloride 1.17g/5ml (4mmol/ml) oral solution,100,ml,"SF, STD, LF, AF, CF, FF, PF",,711
8723111000001105,8700111000001106,Sodium chloride 1.5g/5ml (5.13mmol/ml) oral solution,1,ml,"SF, STD, LF, CF, AF, FF, PF, NSF",,2
8723111000001105,22251111000001109,Sodium chloride 1.5g/5ml (5.13mmol/ml) oral solution,100,ml,"SF, STD, LF, CF, AF, FF, PF, NSF",,2057
14984511000001100,14976211000001102,Sodium dihydrogen phosphate dihydrate 780mg/5ml oral solution,1,ml,"SF, STD, LF, AF, FF, PF, CF",,1
14984511000001100,24439611000001106,Sodium dihydrogen phosphate dihydrate 780mg/5ml oral solution,100,ml,"SF, STD, LF, AF, FF, PF, CF",,3796
8726911000001102,8705311000001101,Sotalol 25mg/5ml oral suspension,1,ml,"SF, STD, LF, CF, NSF, AF, FF",,5
8726911000001102,27882411000001108,Sotalol 25mg/5ml oral suspension,200,ml,"SF, STD, LF, CF, NSF, AF, FF",,1699
8726311000001103,8707111000001107,Spironolactone 5mg/5ml oral suspension,1,ml,"SF, STD, LF, CF, NSF, FF, AF",,2
8726311000001103,20433011000001100,Spironolactone 5mg/5ml oral suspension,125,ml,"SF, STD, LF, CF, NSF, FF, AF",,1520
22154911000001108,22090711000001102,Sucralfate 2g/20ml enema,1,enema,"STD, AF",Special container,1881
8823011000001106,8822611000001109,Tacrolimus 5mg/5ml oral suspension,1,ml,"SF, AF, CF, FF, LF, NSF, STD",,1
8823011000001106,19600711000001103,Tacrolimus 5mg/5ml oral suspension,100,ml,"SF, AF, CF, FF, LF, NSF, STD",,19515
24510711000001108,24501011000001104,Tamsulosin 400micrograms/5ml oral solution,1,ml,"SF, STD, AF, LF",,27
24510711000001108,40454711000001100,Tamsulosin 400micrograms/5ml oral solution,100,ml,"SF, STD, AF, LF",,5723
32656511000001105,32507911000001102,Tamsulosin 400micrograms/5ml oral suspension,1,ml,"SF, STD, FF, AF",,1
32656511000001105,32508011000001100,Tamsulosin 400micrograms/5ml oral suspension,100,ml,"SF, STD, FF, AF",,8852
14017411000001101,13981711000001109,Terbinafine 250mg/5ml oral solution,1,ml,STD,,20
14017411000001101,44960011000001100,Terbinafine 250mg/5ml oral solution,70,ml,STD,,15246
14017511000001102,13981111000001108,Terbinafine 250mg/5ml oral suspension,1,ml,"SF, STD, LF, CF, NSF, AF, FF",,7
14017511000001102,21314011000001108,Terbinafine 250mg/5ml oral suspension,50,ml,"SF, STD, LF, CF, NSF, AF, FF",,3181
8725711000001107,8708511000001104,Tetrabenazine 12.5mg/5ml oral suspension,1,ml,"SF, STD, LF, CF, NSF, AF, FF",,2
8725711000001107,20160311000001100,Tetrabenazine 12.5mg/5ml oral suspension,100,ml,"SF, STD, LF, CF, NSF, AF, FF",,3446
8725611000001103,8709211000001107,Tetrabenazine 25mg/5ml oral suspension,1,ml,"SF, STD, LF, CF, NSF, AF, FF",,13
8725611000001103,23395711000001102,Tetrabenazine 25mg/5ml oral suspension,140,ml,"SF, STD, LF, CF, NSF, AF, FF",,3487
24595311000001101,24588111000001107,Theophylline 50mg/5ml oral solution,1,ml,"SF, STD, LF, AF, CF, FF, NSF, PF",,13
24595311000001101,35049711000001101,Theophylline 50mg/5ml oral solution,500,ml,"SF, STD, LF, AF, CF, FF, NSF, PF",,6701
35101211000001105,35049911000001104,Theophylline 50mg/5ml oral suspension,1,ml,"SF, STD, LF, AF, CF, FF, NSF, PF",,5
35101211000001105,35050011000001108,Theophylline 50mg/5ml oral suspension,500,ml,"SF, STD, LF, AF, CF, FF, NSF, PF",,4841
8724911000001105,8709811000001108,Thiamine 100mg/5ml oral solution,1,ml,"SF, STD, LF, AF, CF, FF, NSF",,9
8724911000001105,23397711000001108,Thiamine 100mg/5ml oral solution,100,ml,"SF, STD, LF, AF, CF, FF, NSF",,1643
8724811000001100,8710711000001105,Thiamine 100mg/5ml oral suspension,1,ml,"SF, STD, LF, CF, NSF, AF, FF",,18
8724811000001100,23397911000001105,Thiamine 100mg/5ml oral suspension,100,ml,"SF, STD, LF, CF, NSF, AF, FF",,2402
8724511000001103,8710811000001102,Thiamine 50mg/5ml oral suspension,1,ml,"SF, STD, LF, CF, NSF, AF, FF",,12
8724511000001103,20160511000001106,Thiamine 50mg/5ml oral suspension,100,ml,"SF, STD, LF, CF, NSF, AF, FF",,1718
8724411000001102,8711311000001101,Tizanidine 2mg/5ml oral solution,1,ml,"SF, STD, LF, CF, NSF, AF, FF",,6
8724411000001102,21314611000001101,Tizanidine 2mg/5ml oral solution,100,ml,"SF, STD, LF, CF, NSF, AF, FF",,1638
8724311000001109,8711611000001106,Tizanidine 2mg/5ml oral suspension,1,ml,"SF, STD, LF, CF, NSF, FF, AF",,7
8724311000001109,21314811000001102,Tizanidine 2mg/5ml oral suspension,100,ml,"SF, STD, LF, CF, NSF, FF, AF",,1825
14160511000001109,14077511000001106,Tolterodine 2mg/5ml oral suspension,1,ml,"SF, STD, NSF, AF, LF, FF, CF, PF",,6
14160511000001109,22251711000001105,Tolterodine 2mg/5ml oral suspension,100,ml,"SF, STD, NSF, AF, LF, FF, CF, PF",,4454
8723911000001108,8713211000001108,Topiramate 25mg/5ml oral suspension,1,ml,"SF, LF, CF, NSF, STD, AF, FF",,10
8723911000001108,19600911000001101,Topiramate 25mg/5ml oral suspension,100,ml,"SF, LF, CF, NSF, STD, AF, FF",,1164
8723311000001107,8712811000001101,Tranexamic acid 250mg/5ml oral suspension,1,ml,"SF, STD, LF, AF, CF, FF, NSF",,17
8723311000001107,32927711000001100,Tranexamic acid 250mg/5ml oral suspension,60,ml,"SF, STD, LF, AF, CF, FF, NSF",,6126
8967911000001100,8908811000001108,Tranexamic acid 5% mouthwash,1,ml,"SF, STD, LF, CF, NSF, AF, FF",,2
8967911000001100,21499211000001106,Tranexamic acid 5% mouthwash,100,ml,"SF, STD, LF, CF, NSF, AF, FF",,2645
8723011000001109,8714011000001101,Tranexamic acid 500mg/5ml oral solution,1,ml,"SF, STD, LF, NSF, FF, AF, CF",,9
8723011000001109,20465311000001106,Tranexamic acid 500mg/5ml oral solution,100,ml,"SF, STD, LF, NSF, FF, AF, CF",,2515
8722811000001106,8714811000001107,Tranexamic acid 500mg/5ml oral suspension,1,ml,"SF, STD, NSF, AF, LF, CF, FF",,11
8722811000001106,22251911000001107,Tranexamic acid 500mg/5ml oral suspension,100,ml,"SF, STD, NSF, AF, LF, CF, FF",,2774
41749111000001100,1101511000001107,Triamcinolone 0.1% oromucosal paste,5,gram,"STD, PF",Special container,2675
21270411000001105,21270511000001109,Tricitrates oral solution,1,ml,"SF, STD, CF",,11
21270411000001105,21270611000001108,Tricitrates oral solution,500,ml,"SF, STD, CF",,5734
8799211000001109,8729511000001104,Trihexyphenidyl 2mg/5ml oral solution,1,ml,"SF, STD, LF, NSF, CF",,9
8799211000001109,23398111000001108,Trihexyphenidyl 2mg/5ml oral solution,200,ml,"SF, STD, LF, NSF, CF",,2621
8799311000001101,8730711000001104,Trihexyphenidyl 2mg/5ml oral suspension,1,ml,"SF, STD, AF, LF, FF, CF",,1
8799311000001101,40454911000001103,Trihexyphenidyl 2mg/5ml oral suspension,300,ml,"SF, STD, AF, LF, FF, CF",,30277
14612511000001107,14977611000001103,Zinc and Salicylic acid paste,1,gram,"STD, AF",,11
14612511000001107,27901411000001107,Zinc and Salicylic acid paste,100,gram,"STD, AF",,2695
17663411000001107,17656511000001109,Zinc oxide 15% and Ichthammol 1% in Yellow soft paraffin,1,gram,STD,,5
17663411000001107,30854511000001100,Zinc oxide 15% and Ichthammol 1% in Yellow soft paraffin,200,gram,STD,,2132
19609611000001101,19608611000001105,Zopiclone 3.75mg/5ml oral solution,1,ml,"SF, LF, CF, STD, AF, NSF, FF",,9
19609611000001101,19608711000001101,Zopiclone 3.75mg/5ml oral solution,150,ml,"SF, LF, CF, STD, AF, NSF, FF",,2487
8799011000001104,8733111000001107,Zopiclone 3.75mg/5ml oral suspension,1,ml,"SF, LF, CF, NSF, STD, AF, FF, PF",,2
8799011000001104,19601211000001104,Zopiclone 3.75mg/5ml oral suspension,100,ml,"SF, LF, CF, NSF, STD, AF, FF, PF",,2326
24510911000001105,24441011000001102,Zopiclone 7.5mg/5ml oral solution,1,ml,"SF, STD, LF, CF, AF, FF",,1
24510911000001105,24441111000001101,Zopiclone 7.5mg/5ml oral solution,100,ml,"SF, STD, LF, CF, AF, FF",,2895
8798911000001108,8734311000001106,Zopiclone 7.5mg/5ml oral suspension,1,ml,"SF, STD, LF, CF, NSF, AF",,1
8798911000001108,23398911000001106,Zopiclone 7.5mg/5ml oral suspension,100,ml,"SF, STD, LF, CF, NSF, AF",,4235
